pointType_0,pointType_1,pointType_2,pointType_3,pointType_4,pointType_5,pointType_6,pointType_7,pointType_8,pointType_9,pointType_10,pointType_11,pointType_12,pointType_13,pointType_14,pointType_15,pointType_16,pointType_17,pointType_18,pointType_19,pointType_20,pointType_21,mfk_1_entlasten,mfk_2_entlasten,mfk_3_entlasten,mfk_4_entlasten,mfk_5_entlasten,zehe_1_entlasten,zehe_2_entlasten,zehe_3_entlasten,zehe_4_entlasten,zehe_5_entlasten,pelotten_hoehe,pelotten_form,laengsgewoelbe_hoehe,basis_5_entlasten,aussenrand_anheben,innenrand_anheben
"[20.48810052871704, 8.96644675731659]","[20.658832877874374, 11.657381355762482]","[15.853301048278809, 10.680040150880814]","[13.376816630363464, 13.154498726129532]","[11.112368896603584, 15.945974588394165]","[9.30380828678608, 19.11028414964676]","[23.531717479228973, 21.287627428770065]","[7.791765213012695, 27.382992267608643]","[20.507130950689316, 22.132186233997345]","[16.73461762070656, 22.279382318258286]","[14.749952912330627, 23.224211186170578]","[12.730500847101212, 24.71348750591278]","[10.604192957282066, 25.85467427968979]","[16.078464329242706, 25.160392314195633]","[13.654447197914124, 34.49710810184479]","[22.34750685095787, 35.632384061813354]","[20.099500328302383, 40.98222863674164]","[19.741513311862946, 47.93657600879669]","[24.115112960338593, 47.34151995182037]","[14.339896500110626, 48.538318037986755]","[19.78827765583992, 55.05268836021423]","[15.564090639352798, 10.048159167170525]",0,3,3,3,0,0,0,0,0,0,3,1,4,0,3,0
